,id_num,name,review_id,date,review_text, rating,price,address,latitude,longitude,category
1596,1iCe-Wpqn2huOZR8souLqA,mash-tun,1596,2019-03-13,"Love you guys. Love the simplicity of Mash Tun, and the greatness of it.

Beers are written on a chalkboard in the back. The majority are local and they have a fantastic variety for most people to find a beer they like. 
Food is written on another chalkboard, cooked right behind the bar and is oddly delicious.
Well priced burgers, tacos, fries with fixing additions of your liking. 

Mash Tun is up front about what you get, delivers well, and has a fantastic crew behind the bar.
I frequent this place whenever in Portland and somehow the bartenders always remember me (and my boyfriend who does the same). 

I almost don't want to write more because i would like to keep finding a seat at the bar to sit at :P",4.5,2,"['29 Wharf St', 'Portland, ME 04101']",43.655846142385705,-70.2539712498444,"Burgers, Breweries, "
1597,1iCe-Wpqn2huOZR8souLqA,mash-tun,1597,2019-02-04,"Met a couple of friends for drinks the other night.  So, I only participated in the beverage service.  My friends had food and seemed to enjoy it.  The space is very nice and they have been able to expand into another area next door.  So more seating.

They have TV's which was perfect for watching football and other sports.  The staff was very nice and attentive to our needs, and offered suggestions for their various brews on tap.  It was fun trying different options and comparing the flavors.

They were in the middle of installing their online ordering system and moving away from the paper and pen.  They were excited about how it would speed up service and efficiency.

Looking forward to returning and trying food.",4.5,2,"['29 Wharf St', 'Portland, ME 04101']",43.655846142385705,-70.2539712498444,"Burgers, Breweries, "
1598,1iCe-Wpqn2huOZR8souLqA,mash-tun,1598,2018-11-12,"Visited with friends and completely forgot to take a pic of the food...
It's a very eclectic environment and definitely feels like a pub. I wasn't overly hungry, so just ordered the sweet potato brussel sprout hash. It was very good! I did try a few of the truffle and parmesan fries, delicious! Report was the burgers/sandwiches were delicious!
I'm gluten free so beer doesn't draw me, but there is a hefty selection of beers available and quite a few on draught. There are other beverage options as well, including wine, hard cider and non alcohol. Water is in large self serve dispensers, near the door.",4.5,2,"['29 Wharf St', 'Portland, ME 04101']",43.655846142385705,-70.2539712498444,"Burgers, Breweries, "
1599,1iCe-Wpqn2huOZR8souLqA,mash-tun,1599,2019-02-10,"This is my absolute FAVORITE late night stop. Not only is their beer list always amazing, but they have the most incredible parmesan truffle fries and what is, in my opinion, the best burger in all of Portland. The burger is super affordable, and you can dress it up to your heart's content. My favorite addition to the burger and dipping sauce for fries is their chipotle maple aioli- it's highly addictive and you need it in your life right now. On top of all this amazing food and beer, you have truly wonderful staff. They go beyond being friendly- they make you feel like you're actually friends. They also somehow manage to remember you when you come back in, and that touch really is what pushes them past other nearby spots. Come for the incredible comfort food, stay for the warm environment- you won't be disappointed.",4.5,2,"['29 Wharf St', 'Portland, ME 04101']",43.655846142385705,-70.2539712498444,"Burgers, Breweries, "
1600,1iCe-Wpqn2huOZR8souLqA,mash-tun,1600,2019-04-19,Perment staple is JOHn. He fulfilled all my needs. he cleans the grease from the girll. LETS taco bout' it like c'mon booos and food here we are,4.5,2,"['29 Wharf St', 'Portland, ME 04101']",43.655846142385705,-70.2539712498444,"Burgers, Breweries, "
1601,1iCe-Wpqn2huOZR8souLqA,mash-tun,1601,2018-09-07,"The lobster rolls at $18 are a good value and ours were quite tasty; light, refreshing and filled with tender and flavorful lobster chunks. The cheese plate, even at $8, is a reminiscent of a broke college students version so skip that. Lots of cheese with grilled sandwich bread chunks and vats of honey mustard and jam, a handful of baby doll pickles. Meh. 

The burgers and tacos looked tasty as we watched the food being made at the bar. For pub food I think this would be a hit to visit regularly. Odd set up for the kitchen but it works for them i s'ppose. 

Lots of beers, but nothing served in a full pint glass that we saw fyi.

Very casual vibe and hip.",4.5,2,"['29 Wharf St', 'Portland, ME 04101']",43.655846142385705,-70.2539712498444,"Burgers, Breweries, "
1602,1iCe-Wpqn2huOZR8souLqA,mash-tun,1602,2019-01-08,"Love this place...it's the pretty much the perfect incarnation of an old-school, unpretentious ""burger and beer bar."" My wife and I came across it wandering around the Old Port area. First, as beer fans, we were overjoyed by the excellent selection of brews, many of them local. We didn't get a chance to try any food, but I can say it looked and smelled delicious. And the service was great...extremely friendly and helpful in recommending beers. All in all a very comfortable place to relax and imbibe!",4.5,2,"['29 Wharf St', 'Portland, ME 04101']",43.655846142385705,-70.2539712498444,"Burgers, Breweries, "
1603,1iCe-Wpqn2huOZR8souLqA,mash-tun,1603,2019-04-10,Came here 2 weeks ago. Love the vibe and the shrimp tacos. I'll definitely come back again,4.5,2,"['29 Wharf St', 'Portland, ME 04101']",43.655846142385705,-70.2539712498444,"Burgers, Breweries, "
1604,1iCe-Wpqn2huOZR8souLqA,mash-tun,1604,2019-02-09,"The waiter treated me very rudely. Food came in super late, didn't even taste that good for how much they charge. Alcohol not at a good price either, not even a tall glass. 
Waiter seemed like he hated his life or something so maybe he isn't cut out for his job.",4.5,2,"['29 Wharf St', 'Portland, ME 04101']",43.655846142385705,-70.2539712498444,"Burgers, Breweries, "
1605,1iCe-Wpqn2huOZR8souLqA,mash-tun,1605,2019-04-17,"Good food, wicked beer selection, happy faces on the staff.  Had a shrimp taco and oysters.  Check it out.",4.5,2,"['29 Wharf St', 'Portland, ME 04101']",43.655846142385705,-70.2539712498444,"Burgers, Breweries, "
1606,1iCe-Wpqn2huOZR8souLqA,mash-tun,1606,2018-11-02,"2.5 stars

Cons:
-I just did not live up to its reputation and the reviews. I had high expectations. 
-Beer list nearly impossible to read from the bar (and I'm not old, nor do I have bad eyesight). The bartenders seemed reluctant to answer questions about what was on tap, and we chose this place because of the beer selection. So that was a major dissapointment. 
-Food was only so-so. Not bad by any means, but the Yelp reviews made me think it would be incredible, and it was average, at best.
-Food menu was small but there was probably something for everyone

Pros:
-Good location if you want to bar hop and walk around the main drag
-As mentioned, food wasn't horrible.
-Depending on where you sit at the bar, you can watch the line cook make your food, which is semi interesting.",4.5,2,"['29 Wharf St', 'Portland, ME 04101']",43.655846142385705,-70.2539712498444,"Burgers, Breweries, "
1607,1iCe-Wpqn2huOZR8souLqA,mash-tun,1607,2018-10-01,"Don't mind the half eaten burger photo, sometimes hunger comes before artistic ability but it doesn't lessen the importance of this photo which was that the blue mango veggie burger with aioli looked so delicious I scarfed it down almost instantly. We indulged in plain fries with salt and pepper, they where a little over seasoned for my liking but have tried both the Parmesan and Truffle fries before which is certainly more worth the calories.  I found my visit this time more enjoyable as their were less patrons so my ears where thankful.  I took my sweet baby out for the first time (mommy needed to feel human again and experience Portland downtown) the waiter smiled at me and passed zero judgement for me having my girl in their with me, which is more than I can say for the grumpy old couple sitting adjacent to us (the lady left half a glass of 
Prosecco sitting in there, that tells you what type of people they are).  Dining with a baby is going to be a whole new experience but I can tell Mash Tun is beer, burger, baby friendly!",4.5,2,"['29 Wharf St', 'Portland, ME 04101']",43.655846142385705,-70.2539712498444,"Burgers, Breweries, "
1608,1iCe-Wpqn2huOZR8souLqA,mash-tun,1608,2019-04-17,"I don't have enough good things to say about this place! From the extensive beer selection, delicious food and friendly staff I highly recommend stopping in for a burger and beer. Maybe if you are lucky Masey will be behind the bar, she was extremely helpful and really knows her beers! 5 stars for your awesome employee, we will absolutely be back.",4.5,2,"['29 Wharf St', 'Portland, ME 04101']",43.655846142385705,-70.2539712498444,"Burgers, Breweries, "
1609,1iCe-Wpqn2huOZR8souLqA,mash-tun,1609,2019-03-28,"Stopped in twice during a recent trip to Portland.  Highly recommended for a great draft beer list and small, but fantastic food options.",4.5,2,"['29 Wharf St', 'Portland, ME 04101']",43.655846142385705,-70.2539712498444,"Burgers, Breweries, "
1610,1iCe-Wpqn2huOZR8souLqA,mash-tun,1610,2018-09-26,"No frills, friendly service, awesome beer selection, good looking bar food cooked in front of your eyes....and, in a bit of a surprise, some fantastic oysters! And check out the bar stools too!",4.5,2,"['29 Wharf St', 'Portland, ME 04101']",43.655846142385705,-70.2539712498444,"Burgers, Breweries, "
1611,1iCe-Wpqn2huOZR8souLqA,mash-tun,1611,2018-08-05,"Super cool place!! Stumbled upon it visiting from Boston. Atmosphere was great with great staff. Everyone was super nice and friendly. Open kitchen with great cooks.
Also, the truffle fries were to die for. Drinks were delish and not crazy expensive. Burger was juicy and wonderful. Literally no complaints!",4.5,2,"['29 Wharf St', 'Portland, ME 04101']",43.655846142385705,-70.2539712498444,"Burgers, Breweries, "
1612,1iCe-Wpqn2huOZR8souLqA,mash-tun,1612,2018-11-30,"Really friendly service, great local brews on tap, and delicious lobster roll. Parmesan truffle fries were legit as well. Definitely worthy of a stop on your Portland bar crawl.",4.5,2,"['29 Wharf St', 'Portland, ME 04101']",43.655846142385705,-70.2539712498444,"Burgers, Breweries, "
1613,1iCe-Wpqn2huOZR8souLqA,mash-tun,1613,2018-06-18,"We came in here for burgers on a Friday night.  Hopping? Yep; Loud? Aha; Great service? Yarp; Super cool? You bettcha...

The burgers were cooked to perfect medium and were just tasty as all get-out.  The truffle-parm fries were good, but light on the truffle.  Think I'd try the parm-ranch fries next time.

They don't have my fave Downeast cider, but as they make a mean G&T I'll be back!",4.5,2,"['29 Wharf St', 'Portland, ME 04101']",43.655846142385705,-70.2539712498444,"Burgers, Breweries, "
1614,1iCe-Wpqn2huOZR8souLqA,mash-tun,1614,2018-12-10,"Came in for a late night beer after driving in from NYC.  Bar was quiet, but the selection was great and the bartender was the right balance of knowledgeable and friendly chatty.  He even got us some chips and salsa since the kitchen was closed by the time we made it in.  Looked like a great spot to hang out in.",4.5,2,"['29 Wharf St', 'Portland, ME 04101']",43.655846142385705,-70.2539712498444,"Burgers, Breweries, "
1615,1iCe-Wpqn2huOZR8souLqA,mash-tun,1615,2018-11-08,"If a restaurant could wear a beanie while semi hating their parents and deny being a hipster because they don't want to ""conform with the norms of being a hipster"", it would be this place. It is a small menu, but we wanted to try a few different things: shrimp taco, pork taco, lobster bisque, cheeseburger, chicken sandwich, pulled pork grilled cheese, and Parmesan truffle fries. 

The tacos were ok. Nothing to write home about. I liked the spicy sauce it came with. Burger was ok. Chicken sandwich and the grilled cheese were great. Fries were awesome. 

There was 1 server for the entire place. It was the bartender. She tried hard  but she had to balance a bar and trying to serve us as well. Less than ideal situation. There was a weird guy who seemed to work there as well, but he didn't do anything. 

Interesting layout. Communal Picnic tables were an interesting choice. If you love decent food and loud pop-punk music, give this place a try.",4.5,2,"['29 Wharf St', 'Portland, ME 04101']",43.655846142385705,-70.2539712498444,"Burgers, Breweries, "
1616,1iCe-Wpqn2huOZR8souLqA,mash-tun,1616,2019-04-06,Had a surprisingly great burger. Would definitely recommend for an inexpensive grass-fed burger.,4.5,2,"['29 Wharf St', 'Portland, ME 04101']",43.655846142385705,-70.2539712498444,"Burgers, Breweries, "
1617,1iCe-Wpqn2huOZR8souLqA,mash-tun,1617,2017-11-01,"Delicious dive. I had the root beer pulled pork with the apple slices- sooo good. Amazing beer taps and drinks.

Casual tables and service. The location is the back alley off the Main Street so it feels cool. There was a cruise ship in town so it was busy but our food came out quickly. Impressive. I wish we had access to our own napkins and other items so we didn't have to beg the only two people working for things all the time but other than that it's a winner.",4.5,2,"['29 Wharf St', 'Portland, ME 04101']",43.655846142385705,-70.2539712498444,"Burgers, Breweries, "
1618,1iCe-Wpqn2huOZR8souLqA,mash-tun,1618,2018-06-09,"We wandered into this restaurant at random after seeing a sign on the sidewalk stating that they had 35+ craft beers on draft. We were pleasantly surprised at the local craft beer selection and even tested out the local oysters ($15 per half dozen) and creative cheese plate ($6). The oysters came with a delicious mignonette chock full of pickled onions. The cheese plate was an amazing value, made of house-made ingredients. Overall, a nice little bar to stop in for appetizers and drinks.",4.5,2,"['29 Wharf St', 'Portland, ME 04101']",43.655846142385705,-70.2539712498444,"Burgers, Breweries, "
1619,1iCe-Wpqn2huOZR8souLqA,mash-tun,1619,2018-04-20,"Great little craft beer bar. Exactly what I was look for for an after dinner ""liquid dessert"".  The bartender was knowledgeable.  Great work guys. Had a snack of Brussel sprout hash that was awesome.",4.5,2,"['29 Wharf St', 'Portland, ME 04101']",43.655846142385705,-70.2539712498444,"Burgers, Breweries, "
1620,1iCe-Wpqn2huOZR8souLqA,mash-tun,1620,2019-01-09,"Great beer, yummy Fries and no frills bar. Enjoyed our experience at Mash Tun. Sit at the bar!",4.5,2,"['29 Wharf St', 'Portland, ME 04101']",43.655846142385705,-70.2539712498444,"Burgers, Breweries, "
1621,1iCe-Wpqn2huOZR8souLqA,mash-tun,1621,2019-03-01,First let's start with they have the best local beers available on tap. Excited yet? That is not even the best part. The staff here is so welcoming that you feel that you are a local legend. If that is not enough the food cooked to order is fresh and delicious. What else do you need? This is one of the best places to visit in Portland.,4.5,2,"['29 Wharf St', 'Portland, ME 04101']",43.655846142385705,-70.2539712498444,"Burgers, Breweries, "
1622,1iCe-Wpqn2huOZR8souLqA,mash-tun,1622,2019-01-26,"A Summer Saturday Night in Portland, Maine = everything crazy busy.  On our last vacation the husband and I figured we'd stop into one of the nice local places on the wharf - but all the best spots were so overloaded with people it seemed a nightmare.  After a bit of a wander, we stumbled onto Mash Tun.  It was busy - but we figured we'd just get a drink and keep wandering. I am so glad that we stayed for the food!  The Tacos were out of this word!  Seriously - we're still talking about it!  I wish we'd ordered more.  I guess it'll have to wait until next time.  sigh....",4.5,2,"['29 Wharf St', 'Portland, ME 04101']",43.655846142385705,-70.2539712498444,"Burgers, Breweries, "
1623,1iCe-Wpqn2huOZR8souLqA,mash-tun,1623,2018-02-05,"We had a great meal here on our first night in Portland! I had the burger (delicious) and my boyfriend had the grilled cheese (with root beer pulled pork). We also shared the truffle fries (so good, probably the highlight of our meal) and a few of the beers on tap.

The bartenders were great and very liberal with their samples, which was nice for someone like me who can never decide if I'll like a beer just from the name or a description. One other thing we noticed was that the bartenders were really upbeat and just seemed to be having a good time, which really contributed to the atmosphere.

We stopped in on a Friday night and it wasn't too busy, probably because of the cold or maybe because we were a little early for the actual dinner crowd.

(They do handwrite their checks, though, so they were a little difficult to decode.)",4.5,2,"['29 Wharf St', 'Portland, ME 04101']",43.655846142385705,-70.2539712498444,"Burgers, Breweries, "
1624,1iCe-Wpqn2huOZR8souLqA,mash-tun,1624,2017-07-31,"Mash Tun is a hidden gem in the Old Port. 

Vibe: Since my first visit, they have expanded and now offer way more seating and have a server that is not the bartender. They also have 3 picnic tables outside. This allows you be able to enjoy the beautiful scenery as well as the fabulous people watching. 

Drinks: On any given day, they have 27 beers on tap, all local brews. They vary from Rising Tide to Allagash to Bissell Brothers. All the local favorites. They also (most often) have at least 1 if not 2 local ciders on tap. The bartenders are very knowledgable about the beer they have on tap. 

Food: The burgers are so delicious. One of the best burgers in town. And they are only $6. You can order a side of fries to be the epitome of American or have just the burger. If plain fries don't do it for you, you can get parmesan fries. The grilled cheese was definitely a hit this time around. The apples on it definitely made the sandwich that much better. The brussel sprouts were not as good as we remembered. We could have done without them. The food menu is small, but it's better that way. 

If you find yourself in the Old Port, give it a shot!",4.5,2,"['29 Wharf St', 'Portland, ME 04101']",43.655846142385705,-70.2539712498444,"Burgers, Breweries, "
1625,1iCe-Wpqn2huOZR8souLqA,mash-tun,1625,2018-07-05,"This place is special
Great food, great local brews, and
The staff is so dope*

*also a local dude bought us a round of beers and that was fuckin cool, on top of incredible burgers and lobster rolls- such a great night!",4.5,2,"['29 Wharf St', 'Portland, ME 04101']",43.655846142385705,-70.2539712498444,"Burgers, Breweries, "
1626,1iCe-Wpqn2huOZR8souLqA,mash-tun,1626,2018-06-28,"This place is OK. Great beer selection and super intimate dining experience. The reasons I can't give this place 4 stars are because the burgers are over cooked and the bartenders don't serve you water. 
If your serving quality meat, the patrons should be able to decide how they want their meat cooked. My ""medium"" was more like well done. There was no pink and no sear, come on??!! This happened on 3 occasions.
Also, why can't the patrons sitting at the bar be served water? Getting up mid meal to refill my plastic cup(non eco friendly) was cumbersome.",4.5,2,"['29 Wharf St', 'Portland, ME 04101']",43.655846142385705,-70.2539712498444,"Burgers, Breweries, "
1627,1iCe-Wpqn2huOZR8souLqA,mash-tun,1627,2018-12-16,Interesting small bar. Very cozy with friendly help. Ok beer list but food is a little lacking. I only had a beer because the menu didn't have much interesting. Maybe keep a pot of chowder boiling?,4.5,2,"['29 Wharf St', 'Portland, ME 04101']",43.655846142385705,-70.2539712498444,"Burgers, Breweries, "
1628,1iCe-Wpqn2huOZR8souLqA,mash-tun,1628,2018-06-25,"An unassuming establishment a few feet below street level with amazing food and an impressive craft beer menu. I'm very glad I stumbled upon Mash Tun when I was wandering around Portland looking for dinner.

The bartender had an encyclopedic knowledge of the beer selections and a friendly disposition. The chef is a master of his craft and served up the best lobster role I've ever had. Other patrons seemed to enjoy their tacos and truffle fries.",4.5,2,"['29 Wharf St', 'Portland, ME 04101']",43.655846142385705,-70.2539712498444,"Burgers, Breweries, "
1629,1iCe-Wpqn2huOZR8souLqA,mash-tun,1629,2019-01-12,"Absolutely amazing. The service is by far fantastic and we highly recommend the burgers or tacos. They have a very large selection on beer including local beers to choose from. The staff are quick, witty and very personable. The food is hands down delicious. It's not very popular to find online but it's a hidden gem for sure.",4.5,2,"['29 Wharf St', 'Portland, ME 04101']",43.655846142385705,-70.2539712498444,"Burgers, Breweries, "
1630,1iCe-Wpqn2huOZR8souLqA,mash-tun,1630,2017-05-01,"I came here for the first time on a Saturday evening and somehow scored a great seat at the bar. The bartenders were all super friendly upon my arrival, and they seemed pleased and not irritated to explain any of the beers on their extensive list. 

This is a fun, relaxed little spot that feels really ""Old Port"" without being too pretentious or rowdy. It has a decent, basic food menu, and the little kitchen and stovetop are right behind the bar. It's quite cozy. 
Normally I avoid the Old Port because it can be a tourist trap nightmare, but I can see myself being a regular at Mash Tun.  They have a veggie burger on their menu, and enough varieties of beers and spirits to keep you coming back to try something else. 
This is a great addition to the OP. Definitely recommend.",4.5,2,"['29 Wharf St', 'Portland, ME 04101']",43.655846142385705,-70.2539712498444,"Burgers, Breweries, "
1631,1iCe-Wpqn2huOZR8souLqA,mash-tun,1631,2018-04-18,"Good veggie burgers, tasty craft brews and 80s rock music in a relaxed environment, and affordable. I had a green salad with tomatoes, olives and onions in a light vinaigrette which was nearly perfect, and two local farmhouse saisons: one from Oxbow, the other by Banded Horn. Pretty close to perfect.",4.5,2,"['29 Wharf St', 'Portland, ME 04101']",43.655846142385705,-70.2539712498444,"Burgers, Breweries, "
1632,1iCe-Wpqn2huOZR8souLqA,mash-tun,1632,2018-04-22,"Solid spot. Good beer options at decent price points (average $6-7). French fries are awesome with good seasoning and texture. Tried a bite of the root beer pork grilled cheese, good but not mind blowing. Nice ambiance. Music on a Sunday evening was old rock and blues. Service was slow but there were only two people running the bar and making food! They were hustling hard. Would go back",4.5,2,"['29 Wharf St', 'Portland, ME 04101']",43.655846142385705,-70.2539712498444,"Burgers, Breweries, "
1633,1iCe-Wpqn2huOZR8souLqA,mash-tun,1633,2019-02-17,"Wow. My boyfriend and I are so glad we stumbled upon this gem for lunch. Workers are so friendly and helpful. So many local beer options. The food was amazing. Two of the best sandwiches we've each ever had (chicken sandwich and grilled cheese). Local, fresh, and seasoned to perfection. Check this place out",4.5,2,"['29 Wharf St', 'Portland, ME 04101']",43.655846142385705,-70.2539712498444,"Burgers, Breweries, "
1634,1iCe-Wpqn2huOZR8souLqA,mash-tun,1634,2018-09-09,"My family and I came here on a Saturday afternoon for lunch and we wanted to sit outside so I went into the restaurant and asked if we can and how do we get menus/service. The lady behind the bar told me that we can sit wherever we want outside and someone will come and greet us...and that's what we did! We sat outside, waited...and waited...and waited...after 10-15 minutes, we decieded to go and find another place to eat. Huge disappointment - it wouldn't have to take much of an effort for someone to just greet us and say they are busy and will be back.",4.5,2,"['29 Wharf St', 'Portland, ME 04101']",43.655846142385705,-70.2539712498444,"Burgers, Breweries, "
1635,1iCe-Wpqn2huOZR8souLqA,mash-tun,1635,2018-08-21,Great atmosphere and place to hang out and meet the locals.  Large selection of local craft beers.,4.5,2,"['29 Wharf St', 'Portland, ME 04101']",43.655846142385705,-70.2539712498444,"Burgers, Breweries, "
1636,1iCe-Wpqn2huOZR8souLqA,mash-tun,1636,2018-01-28,One of the best places to score a quality craft beer at a good price in Portland. I always make it a point to stop by and grab a cold local craft beer and unwind in the cozy pub atmosphere. Haven't had the food here yet but it looks amazing. Staff are nice and accommodating and are willing to strike up a friendly conversation. A definite must visit if you are in the Portland area.,4.5,2,"['29 Wharf St', 'Portland, ME 04101']",43.655846142385705,-70.2539712498444,"Burgers, Breweries, "
1637,1iCe-Wpqn2huOZR8souLqA,mash-tun,1637,2019-01-19,Long wait when busy but a solid menu and great brews in the heart of the the old port,4.5,2,"['29 Wharf St', 'Portland, ME 04101']",43.655846142385705,-70.2539712498444,"Burgers, Breweries, "
1638,1iCe-Wpqn2huOZR8souLqA,mash-tun,1638,2018-06-09,Visiting Portland. So good I had to come back a second time in the same night. Lobster bisque was on point! The cheese plate tasted like a bk whopper when ypu combined all of the ingredients. Flavor explosion. Plus they have Bissel Bros on draft.,4.5,2,"['29 Wharf St', 'Portland, ME 04101']",43.655846142385705,-70.2539712498444,"Burgers, Breweries, "
1639,1iCe-Wpqn2huOZR8souLqA,mash-tun,1639,2018-09-08,Awesome tacos. Great drink selection. Truffle fries are delicious. Cool atmosphere and service.,4.5,2,"['29 Wharf St', 'Portland, ME 04101']",43.655846142385705,-70.2539712498444,"Burgers, Breweries, "
1640,1iCe-Wpqn2huOZR8souLqA,mash-tun,1640,2018-10-01,"10/10 burger. I will definitely be back! Vibe there is great too, very laidback yet intimate.",4.5,2,"['29 Wharf St', 'Portland, ME 04101']",43.655846142385705,-70.2539712498444,"Burgers, Breweries, "
1641,1iCe-Wpqn2huOZR8souLqA,mash-tun,1641,2018-08-11,This is my favorite place for a casual dinner in Portland!! The local beer selection is fantastic and the food is yummy and affordable. Parmesan truffle fries are unreal. Hidden gem!!,4.5,2,"['29 Wharf St', 'Portland, ME 04101']",43.655846142385705,-70.2539712498444,"Burgers, Breweries, "
1642,1iCe-Wpqn2huOZR8souLqA,mash-tun,1642,2018-09-02,Menu looked decent but left after waiting 20 minutes with no service. The pushy family who came in after us had their order in. Not prepared for a Labor Day weekend lush rush.,4.5,2,"['29 Wharf St', 'Portland, ME 04101']",43.655846142385705,-70.2539712498444,"Burgers, Breweries, "
1643,1iCe-Wpqn2huOZR8souLqA,mash-tun,1643,2017-03-18,"Visiting Portland for the weekend and looking for some good eats so we Yelped and found this place. 
We had the veggie burger, a regular burger and the Brussels sprouts. All tasty. Great beer and cocktail selection. 
The service: Fail. 
Cook dropped our food off for us and no one thought to give us napkins, utensils, ask us how the food was, ask us if we needed anything or acknowledged my two requests for added toppings on my burger.",4.5,2,"['29 Wharf St', 'Portland, ME 04101']",43.655846142385705,-70.2539712498444,"Burgers, Breweries, "
1644,1iCe-Wpqn2huOZR8souLqA,mash-tun,1644,2018-08-10,Great place! Wanted a burger and fries and good drinks and we found them. They have any and every beer you could want plus a staff that can tell you about all of them. Find a seat at the bar and settle in for the night.,4.5,2,"['29 Wharf St', 'Portland, ME 04101']",43.655846142385705,-70.2539712498444,"Burgers, Breweries, "
1645,1iCe-Wpqn2huOZR8souLqA,mash-tun,1645,2017-01-04,"I THINK I'M IN LOVE (with this bar)!!!!

I've been meaning to go to Mash Tun for weeks and months and finally went on a rainy Tuesday with my BFF, Savage.

First of all, who doesn't love a six dollar burger.  At first, I thought maybe these would be more slider sized or perhaps they skimp on the toppings and make it a more ""fast food"" type of burger.  NOPE.  This burger was big, well cooked (medium to medium rare) and had the standard toppings.  While I wouldn't say it was the BEST burger I have ever had, I would say based on the price to quality ratio, it was definitely up there at the top!!!  We also split the parmesan cheese fries for five bucks.  Okay, who doesn't love literally a pile of French fries with a pile of parm cheese on top.  This isn't super fancy food, but it's delicious and good quality and way better than the five guys you were going to consume instead. 

The drinks were super amazing.  Let's be real: drinks in P-town are expensive AF compared to the rest of Maine, but I feel like the cocktails were well crafted, they had a wide range of bourbon and whiskey (HECK YES), and the beer was supposed to be ""special beer"".  I don't drink beer, so you're going to have to take the website's word on this or reference another Yelper's review.  You will drop some cash if you try to ""get crunk"" here, but I'd think of this atmosphere as more of a casual dinner with friends/HH place anyways or a good start to your Friday and not a traditional wharf street bar.  It's worth the couple of extra bucks for the better quality and you're kind of evening out the super inexpensive food prices.  

Lastly, the bartender we had was AMAZING.  He was super friendly but not fake and he was good to have a discussion with, but was totally happy letting us be while Savage and I exchanged belated Christmas presents and squealed about her new boyfriend (I'm pretty sure this isn't a secret but shhh if it is...).  

I would strongly recommend this bar and I'm super happy I finally went in here (even if it was raining buckets).",4.5,2,"['29 Wharf St', 'Portland, ME 04101']",43.655846142385705,-70.2539712498444,"Burgers, Breweries, "
1646,1iCe-Wpqn2huOZR8souLqA,mash-tun,1646,2018-07-09,"Stopped in after reggae Sundays on Peaks Island. Place had an eclectic beer selection and reminded me of this honky tonk I went to in Nashville with the flat top grille behind the bar. I ordered the lobster roll and it was packed with meat , my friends all ordered burgers. They all said it was the best burgers they've ever had , one friend wished he took one to go for the drive back. Will definitely recommend friends.",4.5,2,"['29 Wharf St', 'Portland, ME 04101']",43.655846142385705,-70.2539712498444,"Burgers, Breweries, "
1647,1iCe-Wpqn2huOZR8souLqA,mash-tun,1647,2018-10-23,"The food here is some of my favorite. I love the grilled cheese pulled pork it has amazing flavor. The flavor is unique because of the smoked apple flavor with two small slices of apple inside of it which for some reason was so good. But the best thing here was by far the French fries. I got an order of both flavors of fries and they were soooo good. I even got a few different types of their one of a kind aioli's to dip my sandwich and my fries in, they are very good. The only reason this place isn't a 5 is because the guy who was bringing our food was not exactly the nicest... Overall a great place though... would definitely recommend as a place to go hang out with some friends and watch a game.",4.5,2,"['29 Wharf St', 'Portland, ME 04101']",43.655846142385705,-70.2539712498444,"Burgers, Breweries, "
1648,1iCe-Wpqn2huOZR8souLqA,mash-tun,1648,2018-08-02,I think this is probably a good spot if you're a regular. We went to the bar with money that was just as green as everyone else's and we sat at a hightop table and watched all the staff go and get hugs and high-fives from people who are coming along after us. Finally when someone did come over if they were not very friendly and made us feel like we were bothering them. Definitely would not go back based on the service.,4.5,2,"['29 Wharf St', 'Portland, ME 04101']",43.655846142385705,-70.2539712498444,"Burgers, Breweries, "
1649,1iCe-Wpqn2huOZR8souLqA,mash-tun,1649,2017-08-17,"After a horrendous experience next door at Central Provisions my boyfriend and I decided to come to Mash Tun in hopes of a better experience. I was far from disappointed. The service between these two bars is night and day. The ambiance is casual but also intimate. 

The waiter that served us was spry, full of energy, and extremely attentive to our needs. He took the time to go through all of the different drafts and their flavors and was even so kind as to bring out taster samples of his top recommendations.

They have a large selection of drafts and also indicated which are from local breweries in the area. I didn't try the food but it looked appetizing. The beers were amazing. If I am ever in the Portland area again this will be my go to bar. Thank you Mash Tun for a great experience!",4.5,2,"['29 Wharf St', 'Portland, ME 04101']",43.655846142385705,-70.2539712498444,"Burgers, Breweries, "
1650,1iCe-Wpqn2huOZR8souLqA,mash-tun,1650,2018-05-31,"Waiter and cook had lackluster personalities. We had a few beers that were good but served in small glasses which was odd. Food was not good. We ordered truffle fries - piled with Parmesan cheese and salt no truffle flavor. Brussels sprouts saut√©ed with sweet potatoes - doused in vinegar. Pork and chicken tacos, bland except for the spicy sauce which gave it the flavor. Grilled cheese sandwich with pulled pork which really turned out to be a spicy chicken sandwich. (Blamed on the new cook who didn't quite understand the ticket order). The waitress was nice enough to take it off the bill for the mistake but did tell us to get our own water at the front door when we asked for a glass of water. Overall strange experience.",4.5,2,"['29 Wharf St', 'Portland, ME 04101']",43.655846142385705,-70.2539712498444,"Burgers, Breweries, "
1651,1iCe-Wpqn2huOZR8souLqA,mash-tun,1651,2018-07-06,Great selection of local brews. The bartenders were knowledgeable and friendly. Their recommendations did not miss on anything. The burger with cheddar and bacon was fantastic and the parmesan truffle fries were amazing.,4.5,2,"['29 Wharf St', 'Portland, ME 04101']",43.655846142385705,-70.2539712498444,"Burgers, Breweries, "
1652,1iCe-Wpqn2huOZR8souLqA,mash-tun,1652,2017-08-16,Burgers cooked with bacon dust? Might as well be pixie dust. Get a side of Brussels sprouts and you won't be let down.,4.5,2,"['29 Wharf St', 'Portland, ME 04101']",43.655846142385705,-70.2539712498444,"Burgers, Breweries, "
1653,1iCe-Wpqn2huOZR8souLqA,mash-tun,1653,2018-03-23,"Oh my goodness! We wandered in after exploring and seeing a ""pizza at the slice"" sign. We were ready fo be disappointed, since that's what usually happens with pizza in other places (no offense!) but we were blowing away. We both were greeted by a very friendly bar tender in the bottom half of the place. Ordered a beer and a cider and two veggie burgers. Needless to say, after six hours of driving, the burgers were gone in minutes. Greatest food I've had (and a great price) in Portland, Maine yet! I would go back here again in a heart beat. It's also walking distance from our hotel which was phenomenal.",4.5,2,"['29 Wharf St', 'Portland, ME 04101']",43.655846142385705,-70.2539712498444,"Burgers, Breweries, "
1654,1iCe-Wpqn2huOZR8souLqA,mash-tun,1654,2016-12-05,"This place rocks, another solid beer bar in Portland, you can't go wrong if you're looking for good local beer at a decent price. The place is a bit small, it's basically a bar and 2 tables in the back, but it was never uncomfortably crowded when visiting.

If you want beer brewed in Maine, stop in, they seem to have lots of Oxbow and Bissell Bros on tap at any given time.",4.5,2,"['29 Wharf St', 'Portland, ME 04101']",43.655846142385705,-70.2539712498444,"Burgers, Breweries, "
1655,1iCe-Wpqn2huOZR8souLqA,mash-tun,1655,2018-04-14,The Burger and grilled cheese were savory! Great flavors combined with the Parmesan ranch fries.,4.5,2,"['29 Wharf St', 'Portland, ME 04101']",43.655846142385705,-70.2539712498444,"Burgers, Breweries, "
1656,1iCe-Wpqn2huOZR8souLqA,mash-tun,1656,2017-10-31,Great new age craft beer pub! Awesome staff. Plenty of beer on draft as well as quality cocktails. Definitely recommend. Been here twice on business.,4.5,2,"['29 Wharf St', 'Portland, ME 04101']",43.655846142385705,-70.2539712498444,"Burgers, Breweries, "
1657,1iCe-Wpqn2huOZR8souLqA,mash-tun,1657,2018-04-16,Great place ! Great beer and the food is so tasty! Limited menu so they can really focus and make it great!!,4.5,2,"['29 Wharf St', 'Portland, ME 04101']",43.655846142385705,-70.2539712498444,"Burgers, Breweries, "
1658,1iCe-Wpqn2huOZR8souLqA,mash-tun,1658,2016-06-13,"Mash Tun has grown on me, and I think it does fill a void on the Wharf/Fore Street area. The smartest thing they did was reducing their beer prices. They currently have perhaps the best prices on craft beer in the Old Port. Think $5 for Bissell pints. It's cheaper than at the brewery.

While the space is small, it's cozy and feels like a locals bar. The bar at Central Provisions next door gets all of the hype (and crowds), but Mash Tun would be a great spot to just chill out with a beer and burger. I'll be a regular customer.",4.5,2,"['29 Wharf St', 'Portland, ME 04101']",43.655846142385705,-70.2539712498444,"Burgers, Breweries, "
1659,1iCe-Wpqn2huOZR8souLqA,mash-tun,1659,2017-08-12,"Great beer selection. Helpful bar tender. Good atmosphere - all around a nice little bar. 

Only had beer but the food looked great too. The people next to us at the bar had tacos that they were raving about and they even got more tacos after for take out. 

Overall: stop in and get a beer. Next time I'm in Portland I will be trying their food.",4.5,2,"['29 Wharf St', 'Portland, ME 04101']",43.655846142385705,-70.2539712498444,"Burgers, Breweries, "
1660,1iCe-Wpqn2huOZR8souLqA,mash-tun,1660,2017-11-12,One man show kitchen is beyond delicious and excellent local beer selection. Great customer service and excellent atmosphere. Much bigger than expected inside. Highly recommend!,4.5,2,"['29 Wharf St', 'Portland, ME 04101']",43.655846142385705,-70.2539712498444,"Burgers, Breweries, "
1661,1iCe-Wpqn2huOZR8souLqA,mash-tun,1661,2017-05-02,"I had solid meal here. I like the space -it's dark, cozy, and divey without being grungy- and the service was attentive and friendly. The food, for me, fell short of the 4 & 5 stars I see other Yelpers tossing around. It was fine, I'd eat it again, but it wasn't anything I don't think I could cook on my own at home. I can't help but compare Mash Tun with Bramhall Pub, which has a similar vibe, but Bramhall's food menu wipes the floor with Mash Tun's. That's not to say that Mash Tun is far off from a successful culinary lineup, but I do feel like they need do a little tweaking to meet the high bar set by other Portland establishments. 

All in all, I would recommend Mash Tun to a friend, or go there myself for some drinks. I love the bench seating, which is conducive to meeting new people, and the bar looks like a good time.",4.5,2,"['29 Wharf St', 'Portland, ME 04101']",43.655846142385705,-70.2539712498444,"Burgers, Breweries, "
1662,1iCe-Wpqn2huOZR8souLqA,mash-tun,1662,2018-07-10,Beer selection is Fantastic. People that work here are incredible. Food is okay. One of the few places I have to visit every time I come to Portland because of their rotating selection and since they have imported sour beer. Heart breaking I can't try their burgers because they're made with pork but I've heard they're good.,4.5,2,"['29 Wharf St', 'Portland, ME 04101']",43.655846142385705,-70.2539712498444,"Burgers, Breweries, "
1663,1iCe-Wpqn2huOZR8souLqA,mash-tun,1663,2017-09-07,"Almost literally a hole in the wall. Sit at the bar, talk to the bartender,  watch the grill man cook your burger and fries. 

Cool atmosphere in s section of town packed with restaurants and bars on a cobblestone street that requires you to keep a good eye out so you don't trip.

Good selection of beers, good burgers, the fries could be better. Recommended.",4.5,2,"['29 Wharf St', 'Portland, ME 04101']",43.655846142385705,-70.2539712498444,"Burgers, Breweries, "
1664,1iCe-Wpqn2huOZR8souLqA,mash-tun,1664,2017-03-05,"Cute little spot with a great selection of local draft beers (think Oxbow, Bissell, Foundation). I was also very happy to see a Belgian sour available as well! Parmesan cheese fries were good for a quick $5 snack. Beers are cheaper than you'll find anywhere else. Highly recommend.",4.5,2,"['29 Wharf St', 'Portland, ME 04101']",43.655846142385705,-70.2539712498444,"Burgers, Breweries, "
1665,1iCe-Wpqn2huOZR8souLqA,mash-tun,1665,2018-08-26,Best burger I have had in a long timeeeee. Everything was lights out from the drinks to the food to the service. Highly recommend the burger and fries of any combination. Lunch guys recommended fosho,4.5,2,"['29 Wharf St', 'Portland, ME 04101']",43.655846142385705,-70.2539712498444,"Burgers, Breweries, "
1666,1iCe-Wpqn2huOZR8souLqA,mash-tun,1666,2018-01-25,Cool ambiance and pleasant staff. Lots of local beer options. I enjoyed a lobster roll and a brussel sprout sweet potato combo.,4.5,2,"['29 Wharf St', 'Portland, ME 04101']",43.655846142385705,-70.2539712498444,"Burgers, Breweries, "
1667,1iCe-Wpqn2huOZR8souLqA,mash-tun,1667,2017-03-25,Really cool bar. Loved the atmosphere. They have a water station in the corner which is awesome for people like me who like a glass of water with their beer! So many beer options. So many different types of people at the bar. We met some cool folks from around the world. Can't wait to go back!,4.5,2,"['29 Wharf St', 'Portland, ME 04101']",43.655846142385705,-70.2539712498444,"Burgers, Breweries, "
1668,1iCe-Wpqn2huOZR8souLqA,mash-tun,1668,2017-05-08,"Cool little open concept kitchen w/bar. Ordered the cheese plate, pork tacos, and bacon brussel sprouts aside from a tad too much salt in the sprouts over all a great place. Will go back again! Great beer list.",4.5,2,"['29 Wharf St', 'Portland, ME 04101']",43.655846142385705,-70.2539712498444,"Burgers, Breweries, "
1669,1iCe-Wpqn2huOZR8souLqA,mash-tun,1669,2017-10-21,"Excellent - the Brussels Sprouts are awesome, the pork tacos were delicious but the grilled cheese with apple and a maple glaze was out of this world.  The absolute best grilled cheese ever, in fact it was so good we ordered another. The beer and cider was also good and the bartender was great in giving recommendations.  One of the best spots in Portland",4.5,2,"['29 Wharf St', 'Portland, ME 04101']",43.655846142385705,-70.2539712498444,"Burgers, Breweries, "
1670,1iCe-Wpqn2huOZR8souLqA,mash-tun,1670,2017-04-18,"Our visit to Mash Tun could have gone either way. My wife's family and I were tooling around the Old Port on a Saturday night looking for a nice restaurant where we could get good food and catch up. After turning down a few options because they were either too expensive or too casual, we stuck our heads into Mash Tun, more out of curiosity than anything else - the Maine locals among us hadn't heard of it before.

What seemed like an unlikely prospect from the outside, largely due to its casual setup, immediately turned around for us with the very warm and friendly greeting we got from the staff. We moved from five spare seats at the bar to a table once it opened up, and enjoyed many rounds of really delicious and well-recommended beer, as well as one of the best grilled cheeses I've ever had. 

Mash Tun's attention to detail, service and considerateness makes it a sure-fire place for us to return for our next visit. Thank you!",4.5,2,"['29 Wharf St', 'Portland, ME 04101']",43.655846142385705,-70.2539712498444,"Burgers, Breweries, "
1671,1iCe-Wpqn2huOZR8souLqA,mash-tun,1671,2017-07-04,"Unfortunately, my Mash Tun experience was quite different than those of other Yelpers'. My friends and I were visiting Portland for the July 4 weekend from NY and ended up at Mash Tun based on the raving Yelp review and it was certainly dismal to say the least..

FOOD: You literally get what you pay for. The $10 Grilled Cheese sandwich was probably the best thing on the menu. Do not order the tacos. The shredded pork was sauceless and I think they expect you to order sauces on the side. My girlfriend tried to save the tacos with ketchup and mustard to no avail..

SERVICE: The service was definitely subpar. Again, my experience might've been different because maybe this is the standard in Portland. This most certainly would not fly in NYC. The waittress was friendly at first when we ordered but once we ordered she was pretty much nowhere to be seen. We had to ask for napkins once the food came out after which she returned with 3 napkins (there were 4 of us). She kept on leaving before I finished my requests. She also told customers that ""Seltzer water"" was available for self-service but we saw her bring an empty bucket into the women's bathroom and come out with a full one and pour it into the ""Seltzer water"" water tank. That pretty much wrapped up our night. Also, the cryptic bill we got didn't help the situation. 

I probably will not be returning anytime soon when I visit downtown Portland again.",4.5,2,"['29 Wharf St', 'Portland, ME 04101']",43.655846142385705,-70.2539712498444,"Burgers, Breweries, "
1672,1iCe-Wpqn2huOZR8souLqA,mash-tun,1672,2017-05-07,"Went with friends as part of a birthday celebration (fans of beer) while I'm more of a drink kinda guy. Perused the cocktail menu (the sign outside said ""great cocktails"" on it) and didn't see anything that called to me. So, I opted for an old standby 'Captain & Ginger'. But they didn't have captain.. How does a bar in town Portland not have Captain?! Guess I'll be sailing other seas the next time I'm in town.",4.5,2,"['29 Wharf St', 'Portland, ME 04101']",43.655846142385705,-70.2539712498444,"Burgers, Breweries, "
1673,1iCe-Wpqn2huOZR8souLqA,mash-tun,1673,2017-11-22,Lunch was delicious! Highly recommend the grilled cheese. Service was friendly too. Happy to find this gem! Everyone else loved their burgers.,4.5,2,"['29 Wharf St', 'Portland, ME 04101']",43.655846142385705,-70.2539712498444,"Burgers, Breweries, "
1674,1iCe-Wpqn2huOZR8souLqA,mash-tun,1674,2017-11-06,Came here on a Sunday night for some snacks and drinks as it was one of the few places still open. Great cheese plate and a large selection of local Maine beers.,4.5,2,"['29 Wharf St', 'Portland, ME 04101']",43.655846142385705,-70.2539712498444,"Burgers, Breweries, "
1675,1iCe-Wpqn2huOZR8souLqA,mash-tun,1675,2018-07-07,"Our bar tender was so informative and attentive it was and amazing trip for a group a friends. Absolutely must try the lamb burger it's a must and the Parm fries are delicious. This bartender tho great looks and a better attitude I think her name was Maisie the blonde one, she kills it on every level and do t be afraid to ask her questions, she helped out a lot while deciding drinks and food. Very convenient location downtown and will definitely be coming back again.",4.5,2,"['29 Wharf St', 'Portland, ME 04101']",43.655846142385705,-70.2539712498444,"Burgers, Breweries, "
1676,1iCe-Wpqn2huOZR8souLqA,mash-tun,1676,2017-08-26,Such a wonderful experience here. I wish I caught the waiters name because he treated my girlfriend and I like family. We were confused as to what to drink so he was nice enough to give us testers of his favorite as well as recommending his favorite dish which turned out to be really delicious. The vibe of this place is super laid back as well. Will return for sure.,4.5,2,"['29 Wharf St', 'Portland, ME 04101']",43.655846142385705,-70.2539712498444,"Burgers, Breweries, "
1677,1iCe-Wpqn2huOZR8souLqA,mash-tun,1677,2017-10-15,"Dope little bar to have a few beers or cocktails. I had a wicked Moscow mule, and was surprised that they had Sip of Sunshine in tap Really fun and upbeat atmosphere.",4.5,2,"['29 Wharf St', 'Portland, ME 04101']",43.655846142385705,-70.2539712498444,"Burgers, Breweries, "
1678,1iCe-Wpqn2huOZR8souLqA,mash-tun,1678,2017-09-02,Might have been a good place to eat but took 10 minutes to put my order in at the bar. We only ordered food. They took our money right away. After I paid she said it would be a 20-25 minute wait for one burger and a side. We didn't receive our order for 40+ minutes. I'm sure this isn't how it is every time but the very fact that a burger took 40 minutes was really frustrating and a total waste of our time.,4.5,2,"['29 Wharf St', 'Portland, ME 04101']",43.655846142385705,-70.2539712498444,"Burgers, Breweries, "
1679,1iCe-Wpqn2huOZR8souLqA,mash-tun,1679,2018-06-12,"Dog friendly? Why, yes indeed. 899,096 selections of draft. Wine and cocktails as well. Lovely outdoor seating with the fur babies. Yes, they accommodate your quiet, well-behaved dog(s). Food is excellent and the menu selection is superb and cost efficient. The most perfect spot in South Portland with or without your doggos.",4.5,2,"['29 Wharf St', 'Portland, ME 04101']",43.655846142385705,-70.2539712498444,"Burgers, Breweries, "
1680,1iCe-Wpqn2huOZR8souLqA,mash-tun,1680,2017-12-04,My wife and came here last night to try it out and were impressed with the selection of beers on tap. I had the Allagash Interlude which was not my favorite Allagash and she had a Bullet Rye Manhattan which was quite good.  We ordered a cheese plate that was delicious and enough for both of us to enjoy   Prices were really good and selection was great.  Would recommend to anyone wanting a new hangout for you and your friends,4.5,2,"['29 Wharf St', 'Portland, ME 04101']",43.655846142385705,-70.2539712498444,"Burgers, Breweries, "
1681,1iCe-Wpqn2huOZR8souLqA,mash-tun,1681,2018-04-11,This place is a must stop if your in Portland and want a Burger and a Beer! Of course that's not all they have... the menu is eclectic and complete. The on Tap and local brew is outrageous and fun to sample all they have to offer. Justin was the man behind the bar and is very well versed in all that is beer! It was a fun evening. P.S. For the ladies out there they have Presecco on TAP!,4.5,2,"['29 Wharf St', 'Portland, ME 04101']",43.655846142385705,-70.2539712498444,"Burgers, Breweries, "
1682,1iCe-Wpqn2huOZR8souLqA,mash-tun,1682,2017-09-12,"We loved the casual vibe in here! Beers were a bit small for the price, compared to what we've seen at other pouring rooms. But it was tasty. Loved the grilled cheese with pork, and the tacos. Cheese plate was simple and I wouldn't repeat.",4.5,2,"['29 Wharf St', 'Portland, ME 04101']",43.655846142385705,-70.2539712498444,"Burgers, Breweries, "
1683,1iCe-Wpqn2huOZR8souLqA,mash-tun,1683,2017-11-17,"Found this on yelp. Thank you. A great bar with a wonderful selection of craft beers featuring local breweries as well as some from Europe.  That said , they make great cocktails that are the most reasonable price in 4 of the five New England states that I frequent. The menu is small but the food is excellent and made to order. In fact if you sit at the bar you can watch him. I had chicken tacos which were very tasty. My husband had the mesquite chicken sandwich which he liked and ate it entirely.  We shared regular fries because the Parmesan ranch fries did not appeal to my husband but the regular fries were very good.  Staff was attentive, friendly and helpful. The atmosphere was casual and comfortable. I would definitely return.  A great small place in Old Port.",4.5,2,"['29 Wharf St', 'Portland, ME 04101']",43.655846142385705,-70.2539712498444,"Burgers, Breweries, "
1684,1iCe-Wpqn2huOZR8souLqA,mash-tun,1684,2016-09-26,"Awesome addition to the alley. Mash Tun has a great brew list, chill atmosphere (with great music), friendly staff, and some damn cheap food. Don't miss it.",4.5,2,"['29 Wharf St', 'Portland, ME 04101']",43.655846142385705,-70.2539712498444,"Burgers, Breweries, "
1685,1iCe-Wpqn2huOZR8souLqA,mash-tun,1685,2016-11-04,This is a fantastic bar. It's low lit and cozy which makes it the perfect place to enjoy the amazing variety of craft beers they have. It's a little snug but in my opinion that makes it all the much better.,4.5,2,"['29 Wharf St', 'Portland, ME 04101']",43.655846142385705,-70.2539712498444,"Burgers, Breweries, "
1686,1iCe-Wpqn2huOZR8souLqA,mash-tun,1686,2016-12-06,"This place has everything I like in a bar/restaurant and no more. Small but outstanding tasty menu, excellent beers and friendly staff. Cozy and fun. We were told it's almost always super crowded there at night, so much that people have to walk on by. Not thi Tuesday night however. They are expanding into the space next door soon, but I doubt it'll lose its mojo. Can't wait to go back.",4.5,2,"['29 Wharf St', 'Portland, ME 04101']",43.655846142385705,-70.2539712498444,"Burgers, Breweries, "
1687,1iCe-Wpqn2huOZR8souLqA,mash-tun,1687,2016-09-05,"We came in here after hiking all day and could not have been more pleased with our choice. The bartender and cook were easy going and great to talk to. The food was great. I ordered a bacon and bleu cheese burger with Parmesan ranch fries. The burger was made to perfection and the fried really hit the spot. 

They also have a great selection of local beers and have a pretty diverse cocktail menu as well. 

I highly recommend this place if you are ever in Portland.",4.5,2,"['29 Wharf St', 'Portland, ME 04101']",43.655846142385705,-70.2539712498444,"Burgers, Breweries, "
1688,1iCe-Wpqn2huOZR8souLqA,mash-tun,1688,2016-11-17,"Came here upon the recommendation from a friend and boy am I glad!!!
Great little hole in wall with a righteous on-tap beer list from local breweries and great burgers.  Also had the Brussel Sprouts with Bacon... outstanding!!!

Put it on your list of Portland restaurant stops!!!",4.5,2,"['29 Wharf St', 'Portland, ME 04101']",43.655846142385705,-70.2539712498444,"Burgers, Breweries, "
1689,1iCe-Wpqn2huOZR8souLqA,mash-tun,1689,2017-06-23,Came to Portland for the weekend and went up and down the street before deciding to give Mash Tun a try. Great service and decently priced drinks. Food is cooked right behind the bar which is super cool. Definitely will be coming back during our stay this weekend!,4.5,2,"['29 Wharf St', 'Portland, ME 04101']",43.655846142385705,-70.2539712498444,"Burgers, Breweries, "
1690,1iCe-Wpqn2huOZR8souLqA,mash-tun,1690,2017-07-15,"Great service by Zach and Cody! Awesome beer and champagne (for me). Yummy yummy cheese plate. But most of all, everyone was super awesome and chill!",4.5,2,"['29 Wharf St', 'Portland, ME 04101']",43.655846142385705,-70.2539712498444,"Burgers, Breweries, "
1691,1iCe-Wpqn2huOZR8souLqA,mash-tun,1691,2016-10-11,"It's a bar best entered from the alley, just like a speakeasy of yesteryear. Plenty of beer options, especially local craft beer, but plenty too from neighboring states. The staff is helpful and can assist if one isn't familiar with types of beers. It is a small place so once it fills up there is some outdoor seating if you don't mind walking around cobblestone alley. I learned that they stop serving alcohol at 1am in Maine so make sure you get there early to enjoy the many liquid pleasures Maine has to offer its guests.",4.5,2,"['29 Wharf St', 'Portland, ME 04101']",43.655846142385705,-70.2539712498444,"Burgers, Breweries, "
1692,1iCe-Wpqn2huOZR8souLqA,mash-tun,1692,2017-10-15,"Great burgers and local beer with a good Sunday afternoon vibe. Visiting Portland, and this stop made the trip very worthwhile",4.5,2,"['29 Wharf St', 'Portland, ME 04101']",43.655846142385705,-70.2539712498444,"Burgers, Breweries, "
1693,1iCe-Wpqn2huOZR8souLqA,mash-tun,1693,2017-08-03,"Extensive beer list. Great burger.
We ordered the burger with cheddar and bacon and it automatically came with pickled onions and tomato. The pickled onions were a great touch. We also ordered the Brussel sprouts and they were also very good.",4.5,2,"['29 Wharf St', 'Portland, ME 04101']",43.655846142385705,-70.2539712498444,"Burgers, Breweries, "
1694,1iCe-Wpqn2huOZR8souLqA,mash-tun,1694,2016-08-16,"Some friends and I had a day planned of eating and drinking our way through Portland, and this was our first stop. There isn't a lot of seating (just one table that we saw), but there was plenty of space at the bar. The mixed drinks were good but pricey, but they did have a great beer selection. My friends and I shared an order of the Brussels sprouts and cheese fries, and both were excellent.",4.5,2,"['29 Wharf St', 'Portland, ME 04101']",43.655846142385705,-70.2539712498444,"Burgers, Breweries, "
1695,1iCe-Wpqn2huOZR8souLqA,mash-tun,1695,2016-05-31,I saw this cute little alley way on our way to eat and we popped our head into this quaint little pup...it was great! They had 18 craft local beers to choose from and we got a cheese tray as an appetizer...awesome cheese w yummy blueberry jelly...a prefect quaint stop!,4.5,2,"['29 Wharf St', 'Portland, ME 04101']",43.655846142385705,-70.2539712498444,"Burgers, Breweries, "
6009,yS_a0_VrYufO9WVgXQpaiw,artemisia-cafe,6009,2019-03-25,"Artemisia Cafe has quickly become one of my favorite spots in the city to get brunch. While folks from away are distracted with the shiny or new or seemingly trendy spots that are overpriced and have hour long waits... locals, you should really be paying attention to this hidden-in-plain-sight gem that's tucked just slightly away from the hustle and bustle of where everything else is. 

The wait to get in has been nonexistent to minimal.
It's a charming, sunny little spot that has an array of different, comfortable seating.
The staff is genuinely very friendly, engaging, accommodating, and warm.
There's usually a ton of available on street parking nearby.

And the food is out of this world good, hearty, and priced right too. If you love breakfast sandwiches, don't miss out on the Pesto Breakfast Sandwich - scrambled eggs, basil pesto, spinach, and provolone cheese all toasted on french peasant bread - it's straight-up ENORMOUS. My favorite is the Sardou Eggs Benedict - think spinach artichoke dip topped with poached eggs topped with hollandaise. It's decadent, it's rich, and it's glorious. While it comes on Tuscan bread and served with a side of home fries, I'd almost rather have it on top of the potatoes instead. I wonder if this is something they'd do!? Drool.

Don't skip out on their baked goods either - giant ooey, gooey cinnamon rolls, delightfully tangy apple donuts, various melt-in-your-mouth scones and cookies, all absolutely delicious!",4.5,2,"['61 Pleasant St', 'Portland, ME 04101']",43.65393,-70.25917,"Breakfast & Brunch, Burgers, Cafes, "
6010,yS_a0_VrYufO9WVgXQpaiw,artemisia-cafe,6010,2019-03-29,"Our waitress for Artemisia was SPOT on! We had such a great time conversing with our waitress. That's the kind of joy you want after an intense yoga session! The wait was not too bad for a Sunday brunch. I ordered the Huevos Rancheros. I thought the meal was great, EXCEPT even though I asked for less beans, less still looked like a whole lotta. 

Drinks: Mimosas FTW. We tried the Peach and Mango Mimosa, which were SO SO GOOD! You can even ask for a mix of the two which is amazing!",4.5,2,"['61 Pleasant St', 'Portland, ME 04101']",43.65393,-70.25917,"Breakfast & Brunch, Burgers, Cafes, "
6011,yS_a0_VrYufO9WVgXQpaiw,artemisia-cafe,6011,2019-01-12,"Artemisia Cafe has been around for a long time.  I used to take my daughter there when she was little, and then just kind of lost my way back for far too many years.
When same daughter suggested we meet up with some friends for an annual pre-Christmas brunch at Artemisia, I happily agreed, and boy am I glad I did.  
I am a big fan of brunch.  I love meeting friends to catch up over Benedicts, and have even been known to sip a pot of tea over an egg scramble on my own.  I love to take advantage of the slow pace of a weekend morning.
First, the tables and general space is comfortable, warm, cozy and lovely.  There are small touches of stained glass, and even things like an adorable glass creamer, that add to the atmosphere.  I would recommend a booth as they create a private space to talk and catch up, and all booths are against a big glass window.  If you hit it on the right morning, you will also be rewarded with ample amounts of sunshine.
The staff is warm and friendly.  In the last few weeks, I feel like i've already made a new friend on the waitstaff.  I've read in past reviews a concern over waiting a long time for food to arrive, but I have not found that to be true at all.  As a matter of fact, i've marveled at how quickly dishes come to the table after ordering!
There are a few specials posted each morning in addition to the regular menu.  There is also a full bar for any or all brunch cocktails you might care for.  Baked goods are typically on the specials board.  Last weekend I had an eclair at Artemisia that changed everything I thought I knew about eclairs. 
Which brings me to the food.  Inventive, delicious, fresh, and prepared with an expert hand.  Everything and anything i've ordered here has been very, very good. 
This morning, I had the eggs Sardou, a Benedict with artichokes and spinach which was amazing.  
Last weekend, I went for one of my AM staples, a western omelette.  It was elevated with caramelized onions and peppers and freshly smoked ham chunks.
Lovely...restful...delicious...what's holding you up?",4.5,2,"['61 Pleasant St', 'Portland, ME 04101']",43.65393,-70.25917,"Breakfast & Brunch, Burgers, Cafes, "
6012,yS_a0_VrYufO9WVgXQpaiw,artemisia-cafe,6012,2019-04-16,"This was the cutest little place we stumbled upon while vacationing in Portland! Food was delicious - we started with a cinnamon roll, which was warmed and very good! I had the pesto breakfast sandwich (yum!) and my husband had the kielbasa hash. Their coffee was great as well and they had very kind employees! If we lived in the area, we would be here all the time!!",4.5,2,"['61 Pleasant St', 'Portland, ME 04101']",43.65393,-70.25917,"Breakfast & Brunch, Burgers, Cafes, "
6013,yS_a0_VrYufO9WVgXQpaiw,artemisia-cafe,6013,2018-05-29,"Artemisia Cafe takes me to what it would be like walking the streets of France and going to a small cafe. With greenery over the bar, the stained glass fixtures, and the intimate setting, it screams European inspiration. 

My husband and I decided to come here on a Saturday morning for breakfast, and knowing that it was a small cafe, we were expecting to wait for a table. However, when we walked in, we were greeted by the hostess and we were instantly brought to our booth by a window. For it being 10:30am on a Saturday in Portland, there were only a few other couples in the cafe, which was surprising, but it added to the quiet, easy aesthetic of the venue. 

The menu has various takes on typical breakfast foods. From a variety of scrambles, omelettes, benedicts, and french toasts, there is something for everyone, but Artemisia elevates these options into something amazing. I ended up ordering the Sardou, which was a benedict with creamed spinach and artichokes on tuscan bread, and it was served with home fries. It was an explosion of flavor and the bread that it was on really added to the wholesomeness of the dish. My husband ordered the scramble with kielbasa, which was equally delicious and had amazing amounts of flavor. We also shared a cinnamon roll, which was flaky and had a nice amount of icing on it. 

Sounds like a 5 star review, right? The only thing that keeps me from giving Artemisia 5 stars is the service. Our waitress was incredibly nice, however, we were barely checked on. My husband only ordered water for a drink, and he had to be the one to consistently stop her for more. Then, we got our food and we weren't checked on until both of us were done our meals. 

Will the service stop me from going back? Absolutely not, as I definitely plan on coming back to try more of the items on their menu. However, after experiencing the service and reading other reviews, I think this is an area of opportunity for them. If they fix their service, they would definitely earn a 5 star review.",4.5,2,"['61 Pleasant St', 'Portland, ME 04101']",43.65393,-70.25917,"Breakfast & Brunch, Burgers, Cafes, "
6014,yS_a0_VrYufO9WVgXQpaiw,artemisia-cafe,6014,2018-10-26,"Artemisia Cafe was a great brunch spot. Meg, the hostess, seated us after a 35 minute wait on a Sunday morning/afternoon (it's a very popular restaurant). Jen, our waitess who did a great French accent, was very helpful and patient as we tried to decide what to eat.

Our party of three finally chose three different Benedicts to eat: I chose the Oeufs en Meurette, and my friends got the Sardou and the Florentine.

Everything was beautiful and delicious. I highly recommend this brunch spot in Portland, Maine!",4.5,2,"['61 Pleasant St', 'Portland, ME 04101']",43.65393,-70.25917,"Breakfast & Brunch, Burgers, Cafes, "
6015,yS_a0_VrYufO9WVgXQpaiw,artemisia-cafe,6015,2019-02-03,"Always a great experience, friendly staff, cozy atmosphere and delicious food at great prices! I love this restaurant",4.5,2,"['61 Pleasant St', 'Portland, ME 04101']",43.65393,-70.25917,"Breakfast & Brunch, Burgers, Cafes, "
6016,yS_a0_VrYufO9WVgXQpaiw,artemisia-cafe,6016,2018-12-02,"Yo this gravy is nuts

But really the place is great and has the best hollandaise in the city",4.5,2,"['61 Pleasant St', 'Portland, ME 04101']",43.65393,-70.25917,"Breakfast & Brunch, Burgers, Cafes, "
6017,yS_a0_VrYufO9WVgXQpaiw,artemisia-cafe,6017,2018-07-24,"Cozy cafe with intimate feel. Staff seemed overwhelmed but were friendly and attentive. Had to wait about half an hour to get seated on a Sunday morning for breakfast, but the food was worth the wait. We were in a bit of a rush so didn't get the signature french toast (menu notes it takes a bit longer) but the sardou (variation of eggs benedict) was lovely, as were the other dishes ordered. (I'm always impressed when eggs are cooked perfectly, which the chef managed with two dishes that had soft poached eggs, and one with over easy eggs).

I was hoping to see a write-up of the restaurant's  name (we were secretly hoping its namesake was Artemesia Gentileschi) - but that part will have to remain a mystery. Meanwhile, if you're in Portland, stop by.",4.5,2,"['61 Pleasant St', 'Portland, ME 04101']",43.65393,-70.25917,"Breakfast & Brunch, Burgers, Cafes, "
6018,yS_a0_VrYufO9WVgXQpaiw,artemisia-cafe,6018,2019-01-05,"This place is absolutely amazing! The food, the decor, the entire place is beautiful. Enjoyed really tasty brunch on a Sunday. Arrived few mins before opening and there was already a line of people there and many more arrived even before the doors opened! The menu is unique and the espresso drinks creative. Highly recommend for brunch and can't wait to try for dinner one of these days.",4.5,2,"['61 Pleasant St', 'Portland, ME 04101']",43.65393,-70.25917,"Breakfast & Brunch, Burgers, Cafes, "
6019,yS_a0_VrYufO9WVgXQpaiw,artemisia-cafe,6019,2018-06-01,"I came here for brunch this past weekend and was really impressed with what Artmisia Caf√© had to offer. 

Artemisia is a cute little restaurant nestled in the West End. If it weren't for Yelp, I probably would have never stumbled across this place just walking around downtown. 

We walked in around 11AM on a Saturday and were sat at a booth right away. The place was fairly busy, but not packed which was nice and relaxing. 

The menu provides a variety of brunch options that take a step outside of your ""standard breakfast"" options which I really appreciate. They had some interesting benedict options and this delicious sounding pesto sandwich. However, I chose to go with the Kielbasa Hash and a Cinnamon Roll to start (couldn't resist as they were just staring at me on the bar as we initially walked in). 

The Cinnamon Roll was very tasty. They heat it up a little bit so that you get a nice warm center and heated frosting. The roll was pretty big and I was happy to share with another. 

The Kielbasa Hash was pure deliciousness. The meal came in a large bowl that was filled with home fries and kielbasa and topped with some cheese and an over easy egg. Everything together was incredibly tasty! This was a HUGE portion and despite my best effort, I was unable to finish everything. The meal also comes with a side of toast raspberry some jam which was wonderful. 

Now the only thing keeping this review from a 5 star was the service. Unfortunately, our service here was not great. It took several minutes to get greeted by our server and she never followed up on our table. She only came over to us when she was dropping off our drinks or food. I was only drinking water and ran out of water a couple times and had to drink my friends water as I could not locate the server to ask for more. 

However, despite the service, the food here was really amazing and I will certainly be coming back in the future!",4.5,2,"['61 Pleasant St', 'Portland, ME 04101']",43.65393,-70.25917,"Breakfast & Brunch, Burgers, Cafes, "
6020,yS_a0_VrYufO9WVgXQpaiw,artemisia-cafe,6020,2019-04-06,"Great place for breakfast or brunch. Small, cozy, and the food was fresh and excellent. May have to wait but it is well worth it!",4.5,2,"['61 Pleasant St', 'Portland, ME 04101']",43.65393,-70.25917,"Breakfast & Brunch, Burgers, Cafes, "
6021,yS_a0_VrYufO9WVgXQpaiw,artemisia-cafe,6021,2018-10-21,"This was such a lovely breakfast spot! There was a short wait on a Sunday morning. Convenient street parking, too. 

I loved how the inside was covered in plants! The food was delicious and reasonably priced and the service was kind and attentive. Highly recommend!",4.5,2,"['61 Pleasant St', 'Portland, ME 04101']",43.65393,-70.25917,"Breakfast & Brunch, Burgers, Cafes, "
6022,yS_a0_VrYufO9WVgXQpaiw,artemisia-cafe,6022,2017-12-14,"After way too many years, I finally got to check Maine off of my ""states I have left to visit"" (I'm down to three - two nights or it doesn't count, but I digress...)!

And of course that means after way, way too many years a friend who lives here and I got to go have dinner!  She chose Artemsia Cafe and what a great choice.

Since she's a veggie it was great they had more than one option for her. She had the squash ravioli, which looked divine. I partook in the special and it was just as described - special! They have this every Wednesday night - $20 for a salad, spaghetti and meatballs and a glass of Chianti (I said that with my best Sir Anthony Hopkins voice). Oh - and a scoop of vanilla ice-cream, but given that there's a ton of snow on the ground and it's really, really cold here right now - I skipped it and we shared the zeppole. The honey was a great touch.

The spaghetti was cooked just right - sticky enough that sauce actually stuck. The sauce was light and good and the meatballs cooked just right. I may have made the sauce a little more garlicky myself, personal preference. I could have used a little less dressing on the salad, but that's on me for not asking for it on the side. 

The service was just enough to feel like they were paying attention, but not so much you felt like you had a stage five clinger staff on hand.

Definitely recommend for when you're in Portland.",4.5,2,"['61 Pleasant St', 'Portland, ME 04101']",43.65393,-70.25917,"Breakfast & Brunch, Burgers, Cafes, "
6023,yS_a0_VrYufO9WVgXQpaiw,artemisia-cafe,6023,2017-06-25,"THE PESTO HAS PINE NUTS!!

I ""shout"" that because I'm a nut for great pesto and to me, that means the use of toasted pine nuts. The pesto breakfast sandwich was suitably yummy to that end. The version of eggs bene my hubby got was French named and involved a burgundy mushroom sauce which he found tasty, but confusing. 

Seems impossibly tiny inside and parking in this area is a freakin nightmare, but if you're on foot and hungry, stop by.",4.5,2,"['61 Pleasant St', 'Portland, ME 04101']",43.65393,-70.25917,"Breakfast & Brunch, Burgers, Cafes, "
6024,yS_a0_VrYufO9WVgXQpaiw,artemisia-cafe,6024,2018-07-30,"I love going out for brunch on the weekends.  Places like Artemisia Cafe are the reason why I'd much rather go out for a lazy brunch on the weekend than out to dinner the night before.  The cafe is charming and cozy, with attentive staff and delicious food.  The wait wasn't too bad for us, so we must have been lucky looking at the other review. The homemade bread was delicious and my eggs were everything I wanted.  I'll definitely be back the next time I'm in Portland!",4.5,2,"['61 Pleasant St', 'Portland, ME 04101']",43.65393,-70.25917,"Breakfast & Brunch, Burgers, Cafes, "
6025,yS_a0_VrYufO9WVgXQpaiw,artemisia-cafe,6025,2018-05-24,"We came to this place last weekend for a brunch at the suggestion of the hotel staff.  There were just 2 people outside the place who were waiting ahead of us.  When we came in, we were told that the wait could be about 25 minutes.  Which was strange because we saw about 3 tables that were free  and I am only talking about what was within our sight from the door.  Who knows there could be more inside that we could not see.  And yet, we saw 4 groups called before we were called, which was already past 45 minutes.  When we raised this to the waitresses and front door lady, they seemed unshaken and did not give us any explanation.  And then, we were called and seated, and while in our table, we waited for yet another 20 minutes before our food came in, making our wait effectively more than an hour.  

While waiting for our food, we read reviews and yelp, and voila - the problems we were having have already been raised  by others hear - long wait,  understaffed.  The understaffing situation could be the problem, because as we waited for 45 minutes, 4 groups were called to come in but we never saw anyone step out and leave their tables.  Which makes it clear that they were not filling up tables because they probably cannot cope with the demand, with only 3 women running the place on a peak hour of Sunday brunch.  

We were so disappointed that we left very little tip, and as we headed to the parking lot, we were chased by one of the ladies who screamed ""thanks, folks!"" in a sarcastic way.  I will never come back to this place.  Ever.",4.5,2,"['61 Pleasant St', 'Portland, ME 04101']",43.65393,-70.25917,"Breakfast & Brunch, Burgers, Cafes, "
6026,yS_a0_VrYufO9WVgXQpaiw,artemisia-cafe,6026,2019-01-27,"Disgusting disgusting disgusting service. Never in my life have I ever been treated like such TRASH at a restaurant. Didn't even get acknowledged until 20 minutes after being seated. Didn't know our waitress' name until we got the bill because she sure as hell didn't have the courtesy to tell us. Then it took forever for our food to come out. Granted we were a big party but nobody came over to apologize for the wait or let us know how much longer. And when we did get our food nobody came over to ask how we were doing. I didn't receive half my meal. All the food was cold and they didn't even know who ordered what. She basically dodged us the whole time, didn't make eye contact and then wouldn't even let us finish a sentence when we did get the chance to speak to her. Called out ""excuse me"" and ""Miss"" too many times to count only for her to ignore us and swiftly turn her back. Multiple tables who were seated after us received their orders before us. Unacceptable. NOT WORTH IT don't waste your time at this trash establishment. 

If you have the displeasure of having Sena as your waitress good luck. She sucks.",4.5,2,"['61 Pleasant St', 'Portland, ME 04101']",43.65393,-70.25917,"Breakfast & Brunch, Burgers, Cafes, "
6027,yS_a0_VrYufO9WVgXQpaiw,artemisia-cafe,6027,2019-01-27,"Never have I ever received such bad service. Can't even fathom how rude and curt the waitress was. Didn't even let us finish speaking, apologize for the hour wait for our food, or ask us how anything was. On top of that we weren't even acknowledged until 20 minutes after being seated. Wasted 2 whole hours here and as a visitor to Portland I felt like I had wasted a day. The food was cold and nothing to brag about. Hard to believe why this place has almost 5 stars. The food, the service, nor the atmosphere stood out to me. Pathetic at the very best.",4.5,2,"['61 Pleasant St', 'Portland, ME 04101']",43.65393,-70.25917,"Breakfast & Brunch, Burgers, Cafes, "
6028,yS_a0_VrYufO9WVgXQpaiw,artemisia-cafe,6028,2019-01-27,This place is absolutely horrific. If you are more than a party of 2 don't waste your time in coming here. Food was cold waitress was completely ignoring us overall horrible experience,4.5,2,"['61 Pleasant St', 'Portland, ME 04101']",43.65393,-70.25917,"Breakfast & Brunch, Burgers, Cafes, "
6029,yS_a0_VrYufO9WVgXQpaiw,artemisia-cafe,6029,2013-10-26,"Artemesia has been a brunch institution in Portland for a long time but recently chef Guy Frenette and his wife have been doing dinner Wed through Sat.

The meals are diverse and creative. Most recently we've started with the fried green tomatoes and the ahi poke tuna. The whitefish and mussel chowder may be the best in this seafood town. The larger plates are diverse and beautiful. Some veg options for each course.

The menu changes over time. Beer and wine (no cocktails). It's flying under the radar at the moment so it's often easy enough to walk in.",4.5,2,"['61 Pleasant St', 'Portland, ME 04101']",43.65393,-70.25917,"Breakfast & Brunch, Burgers, Cafes, "
6030,yS_a0_VrYufO9WVgXQpaiw,artemisia-cafe,6030,2015-09-02,"Artemisia Cafe for dinner is as good as it gets. We've eaten there several times and never had a bad dish and always get exquisite food and wonderful service. They have a very nice wine list as well. On a recent outing we enjoyed a fabulous soup, a great chopped beet salad A crispy chicken dish with carrots, and a lobster pasta.",4.5,2,"['61 Pleasant St', 'Portland, ME 04101']",43.65393,-70.25917,"Breakfast & Brunch, Burgers, Cafes, "
6031,yS_a0_VrYufO9WVgXQpaiw,artemisia-cafe,6031,2013-05-31,"My friend took me here a while ago, it's one of the few breakfast places in Portland I didn't know about! I'm so glad she showed it to me though, because now it's definitely one of my favorites. It's a little hole in the wall place, you wouldn't know where to find it unless you were looking for it. The inside decor is great, and the atmosphere is very laid back. 

The service is kind of hit or miss from what I've experienced. Sometimes it's fast, other times the waitresses couldn't care less about you. The food, however, is the saving grace here. It's amazing!!! It's one of the few places I go and get something different every time and never walk away unsatisfied! I'd have to say my favorite is their sardou benedict. It's creamed spinach, artichoke hearts over a piece of tuscan bread, topped with poached eggs and hollandaise. So. Good. Their home fries are to die for as well.

The only thing missing is a bloody mary on the menu, they've got plenty of mimosa options, but I need me a bloody with my brunch!!",4.5,2,"['61 Pleasant St', 'Portland, ME 04101']",43.65393,-70.25917,"Breakfast & Brunch, Burgers, Cafes, "
6032,yS_a0_VrYufO9WVgXQpaiw,artemisia-cafe,6032,2014-03-23,"This restaurant is the Rodney Dangerfield of Portland's restaurants, it gets no respect. I don't understand it. 
Went there the other night and had a really great meal for a  very reasonable price. I had house made pasta with slow cooked pork shoulder, arugula and parmesan. Wow, pasta was perfectly al dente and the pork shoulder and sauce was spicy but not overwhelming, with the nice crunch of the arugula. Really great plate. My wife had the Ravioli with mushroom, butternut squash, sage and pecorino tartuffo. She loved it. It the kind of meal you WANT to go out for. Not something I could make at home. 
Don't understand why the place was 3/4 empty on a Friday night. All I can come up with is that there are too many great places to eat in Portland.
Also try their brunch, one of our favorite spots for that as well.",4.5,2,"['61 Pleasant St', 'Portland, ME 04101']",43.65393,-70.25917,"Breakfast & Brunch, Burgers, Cafes, "
6033,yS_a0_VrYufO9WVgXQpaiw,artemisia-cafe,6033,2015-07-31,"This is one of my favorite places to go for dinner in Portland. The chef at night is 4-star and it's a little off the beaten track, so I get a table, usually, though word's starting to get out, so reservations are a good idea. The salads are amazing, actually everything's amazing.
Worth the trip up Pleasant St.
Breakfast,  Lunch and Brunch are good, too. That's standard good, Dinner is special.",4.5,2,"['61 Pleasant St', 'Portland, ME 04101']",43.65393,-70.25917,"Breakfast & Brunch, Burgers, Cafes, "
6034,yS_a0_VrYufO9WVgXQpaiw,artemisia-cafe,6034,2015-03-02,"Excellent brunch. Amazing blood mary and Greek scramble. Only complaint...took 1/2 hour to get our drinks! Food order wasn't long after, but we were getting really annoyed....Seemed like everyone was operating at half speed.",4.5,2,"['61 Pleasant St', 'Portland, ME 04101']",43.65393,-70.25917,"Breakfast & Brunch, Burgers, Cafes, "
6035,yS_a0_VrYufO9WVgXQpaiw,artemisia-cafe,6035,2014-04-20,"We came here for brunch after arriving in Portland and based only on our Yelp reviews. The restaurant sits in a quiet street close to Old Port, the atmosphere is nice and the staff very attentive an helpful.

We ordered the eggs Benedict that were greatly cooked but the potatoes coming with them were slightly undercooked. Also a little more diversity in  the brunch menu should be nice.

Overall this is a nice place for brunch but a little too expensive for what you get.",4.5,2,"['61 Pleasant St', 'Portland, ME 04101']",43.65393,-70.25917,"Breakfast & Brunch, Burgers, Cafes, "
6036,yS_a0_VrYufO9WVgXQpaiw,artemisia-cafe,6036,2016-05-14,"The food is always fresh, well prepared, and delicious. This is one of my favorite lunch places in town.",4.5,2,"['61 Pleasant St', 'Portland, ME 04101']",43.65393,-70.25917,"Breakfast & Brunch, Burgers, Cafes, "
6037,yS_a0_VrYufO9WVgXQpaiw,artemisia-cafe,6037,2015-02-08,"I have eaten breakfast and lunch here many times. It is one of my favorites in Portland. Trendy restaurants come and go in Portland, but Artemisia is a stalwart. The atmosphere and vibe is laid back, hippie chic. But not in an ironic way! We were there for breakfast/brunch a few weeks ago, and when we walked in, all tables were full, but a few tables were clearing. One of the women (seems like the waitresses just take turns being hostess...whoever notices you first, will acknowledge you. Works for me.) told us it would be a few minutes. Having spent 25 years in the restaurant biz, I watched with bemused detachment as they all went about their jobs with nary a concern for clearing off tables as the line grew behind us. I don't think any of them have an ounce of stress in their lives or high blood pressure, and good for them! We had nowhere we had to get to, and it was cold outside, so the wait was ok. After about 10 mins., we were seated.

The food is the real star here. Amazing. I want to be there right now! We both had the huevos rancheros which were wonderful. Eggs over easy, black beans, tortillas, salsa...YUM! I always get something savory (eggs) and whether it's an omelet or a scramble, they do it right. 

So stay away so I don't have a long wait.",4.5,2,"['61 Pleasant St', 'Portland, ME 04101']",43.65393,-70.25917,"Breakfast & Brunch, Burgers, Cafes, "
6038,yS_a0_VrYufO9WVgXQpaiw,artemisia-cafe,6038,2015-08-27,"This has been my go to spot for sometime. Portland's undiscovered gem, it off the beaten track, but adjacent to the old port. The food is carefully prepared using fresh local ingredients. I'd say it one of Portland's best without all the hassle.  You will not be disappointed.",4.5,2,"['61 Pleasant St', 'Portland, ME 04101']",43.65393,-70.25917,"Breakfast & Brunch, Burgers, Cafes, "
6039,yS_a0_VrYufO9WVgXQpaiw,artemisia-cafe,6039,2016-04-30,"I was looking for a quick meal before going to a performance and found this place via  Yelp. The atmosphere was very welcoming and the waitress was very helpful. I was early so there were few people in the restaurant. I had an absolutely perfect wild mushroom ravioli with a very nice glass of Gigondas.  The following day I found myself in the same situation in return for for the same experience, which was very welcome. I will definitely return for a full meal on a future trip to Portland.",4.5,2,"['61 Pleasant St', 'Portland, ME 04101']",43.65393,-70.25917,"Breakfast & Brunch, Burgers, Cafes, "
6040,yS_a0_VrYufO9WVgXQpaiw,artemisia-cafe,6040,2014-06-22,"Long time regulars to Artemisia for brunch (which is delicious, quirky and charming - five stars always!), we've also been enjoying dinner here on a regular basis. Heather heads up the front of the house while her husband Guy helms the kitchen. The wine selection is solid (now with a full bar), the service is kind and attentive, and the food is creative and comforting. So I guess the word that best describes our experiences at Artemisia is ""thoughtful."" In a town full of restaurants hellbent on ""educating"" their patrons on what they should be eating, Artemisia's careful consideration of ingredients and customers promises an incredible - thoughtful - meal every time.",4.5,2,"['61 Pleasant St', 'Portland, ME 04101']",43.65393,-70.25917,"Breakfast & Brunch, Burgers, Cafes, "
6041,yS_a0_VrYufO9WVgXQpaiw,artemisia-cafe,6041,2015-09-18,"This is definitely a gem a little off the beaten path, but not really that far from the Old Port hub of activity. The first plus was free parking at dinner time and we were there for dinner. My impression walking in on a Friday night was why is this place mostly empty at 6:30 pm? A friend recommended we go there but the lack of patrons made me nervous. We had a very pleasant greeting and were seated promptly. The bread which was promptly delivered was fresh and excellent. I noticed a bakery in the same building so maybe they're connected?  We shared a Boston lettuce salad which was large enough for two and again fresh and delicious . I had the spaghetti with scallops and I have to say the scallops preparation were of the best I've ever had. My wife had the hangar steak which was good and she particularly enjoyed the sides of wax beans and potatoes. For desert we shared a very large portion of Carmel salt ice cream which was creamy and delicious. I know Portland is loaded with great restaurants and I can't figure out why this place isn't packed. It's as good as most of the other great restaurants in Portland. Many of the reviews mentioned their brunch with high 5 star ratings. I will be trying the brunch soon.",4.5,2,"['61 Pleasant St', 'Portland, ME 04101']",43.65393,-70.25917,"Breakfast & Brunch, Burgers, Cafes, "
6042,yS_a0_VrYufO9WVgXQpaiw,artemisia-cafe,6042,2013-08-05,"This is my favorite place around to get breakfast. Very small window of opportunity, especially on weekdays, but so worth it. I usually get the feta and spinach scramble with a mango puree mimosa. Just about everything I look for in a hung over breakfast daze. I even stumbled in during lunch one day and thoroughly enjoyed a tuna salad. It was fresh shredded tuna with no nasty mayo. Some days I literally crave breakfast here. The only down-sides are the fact they are only open a couple hours a day and the actual size of the place. Super small.",4.5,2,"['61 Pleasant St', 'Portland, ME 04101']",43.65393,-70.25917,"Breakfast & Brunch, Burgers, Cafes, "
6043,yS_a0_VrYufO9WVgXQpaiw,artemisia-cafe,6043,2014-06-26,Must try the Tuscan grill sandwich!! It was the best sandwich I had in a while. The only reason I would give it a 4 star is because we walked in wanting breakfast but learned that they only serve breakfast on the weekends...weird but the sandwich made up for it!,4.5,2,"['61 Pleasant St', 'Portland, ME 04101']",43.65393,-70.25917,"Breakfast & Brunch, Burgers, Cafes, "
6044,yS_a0_VrYufO9WVgXQpaiw,artemisia-cafe,6044,2015-04-11,"This was our second visit for dinner to Artemisia Cafe in Portland.  We were greeted and served by the owner, who was pleasant and helpful.  She brought out a special treat of home made potato chips with caramelized onion, goat cheese and something else that I can't remember, but they were delicious.  Food was artfully prepared and wonderful.  This is a hidden gem in a restaurant Mecca.  A great spot to dine following a matinee at the Portland Stage.",4.5,2,"['61 Pleasant St', 'Portland, ME 04101']",43.65393,-70.25917,"Breakfast & Brunch, Burgers, Cafes, "
6045,yS_a0_VrYufO9WVgXQpaiw,artemisia-cafe,6045,2014-12-07,"Artemisia is a real gem.  If you enjoy high quality, well prepared food at reasonable prices run don't walk to this old port dinner spot.  We particularly enjoyed the winter vegetable risotto (you won't find better even it Italy), the roasted stuffed chicken with an amazing sauce, paparadelle with slow roasted pork and spaghetti with scallops which were delicate and delectable.  Desserts were another flavor fest with homemade carmel ice cream, zeppoli pillows which float into your mouth and a pumpkin spice cake with cream cheese frosting that was still warm from the oven and super moist and delicious.  What a find!",4.5,2,"['61 Pleasant St', 'Portland, ME 04101']",43.65393,-70.25917,"Breakfast & Brunch, Burgers, Cafes, "
6046,yS_a0_VrYufO9WVgXQpaiw,artemisia-cafe,6046,2014-10-11,"Wandered into Artemesia, being slightly lost in Portland while looking for a different restaurant, and had the most amazing meal....a completely unexpected gem. The risotto dish was spectacular, the service was very attentive, and the ambiance was casually comfortable....this is a must for people who enjoy elegantly presented fare with extremely reasonable prices.",4.5,2,"['61 Pleasant St', 'Portland, ME 04101']",43.65393,-70.25917,"Breakfast & Brunch, Burgers, Cafes, "
6047,yS_a0_VrYufO9WVgXQpaiw,artemisia-cafe,6047,2015-08-15,"We had a lovely meal here when we were visiting Portland, ME. It is a little off the beaten path which we liked. Food and service was exceptional.",4.5,2,"['61 Pleasant St', 'Portland, ME 04101']",43.65393,-70.25917,"Breakfast & Brunch, Burgers, Cafes, "
6048,yS_a0_VrYufO9WVgXQpaiw,artemisia-cafe,6048,2013-10-06,"Great place for dinner, too.
The Artemisia Cafe recently began opening for dinner, on Weds through Saturdays, featuring an entirely different -- and wonderful -- menu from its breakfast/brunch. We went there with some friends on their recommendation and enjoyed ourselves immensely. The dishes were very creative -- rabbit involtini with farro and beet greens -- was one dish. Another was an amazing pasta with a sauce of greens and rabbit. We also had some wonderful starters and salads. And the prices are extremely reasonable for the quality -- making this place five stars in my book. The decor is casual -- but perfect for enjoying a long, conversational dinner with old friends. A wonderful food experience at a great price.",4.5,2,"['61 Pleasant St', 'Portland, ME 04101']",43.65393,-70.25917,"Breakfast & Brunch, Burgers, Cafes, "
